id,status,component,classifier,priority,enabled,createdAt,created_by,updated_by
1,BAD,1,"{'if': [True, True, False]}",1,True,2019-04-17 16:10:07.296000+02:00,,
2,BAD,1,"{'if': [False, True, False]}",1,True,2019-04-17 16:10:07.296000+02:00,,
33,NOTSET,1,"{'if': [True, True, False]}",1,True,2019-04-17 16:36:11.944000+02:00,,
34,BAD,1,"{'if': [True, True, False]}",1,True,2019-04-17 16:36:20.097000+02:00,,
35,GOOD,1,"{'if': [True, True, False]}",1,True,2019-04-17 16:36:30.937000+02:00,,
36,EXCLUDED,1,"{'if': [True, True, False]}",1,True,2019-04-17 16:36:36.585000+02:00,,
37,STANDBY,1,"{'if': [True, True, False]}",1,True,2019-04-17 16:36:43.492000+02:00,,
26,NOTSET,2,"{'if': [True, True, False]}",1,True,2019-04-17 16:10:07.296000+02:00,,
27,BAD,2,"{'if': [True, True, False]}",1,True,2019-04-17 16:10:07.296000+02:00,,
28,GOOD,2,"{'if': [True, True, False]}",1,True,2019-04-17 16:10:07.296000+02:00,,
29,EXCLUDED,2,"{'if': [True, True, False]}",1,True,2019-04-17 16:10:07.296000+02:00,,
32,STANDBY,2,"{'if': [True, True, False]}",1,True,2019-04-17 16:10:07.296000+02:00,,
38,NOTSET,3,"{'if': [True, True, False]}",1,True,2019-04-17 16:39:52.386000+02:00,,
39,BAD,3,"{'if': [True, True, False]}",1,True,2019-04-17 16:39:57.747000+02:00,,
40,GOOD,3,"{'if': [True, True, False]}",1,True,2019-04-17 16:40:03.972000+02:00,,
41,EXCLUDED,3,"{'if': [True, True, False]}",1,True,2019-04-17 16:40:22.600000+02:00,,
42,STANDBY,3,"{'if': [True, True, False]}",1,True,2019-04-17 16:40:28.118000+02:00,,
151,STANDBY,4,"{'if': [{'and': [{'==': [{'var': 'run.ecal_included'}, True]}, {'==': [{'var': 'ebm_ready'}, False]}]}, True, False]}",1,True,2019-04-18 13:49:41.399000+02:00,,
152,EXCLUDED,4,"{'if': [{'==': [{'var': 'run.oms.ecal_included'}, False]}, True, False]}",1,True,2019-04-18 13:50:47.620000+02:00,,
153,STANDBY,4,"{'if': [{'and': [{'==': [{'var': 'run.oms.ecal_included'}, True]}, {'==': [{'var': 'lumisection.oms.ebm_ready'}, False]}]}, True, False]}",1,True,2019-04-18 13:49:41.399000+02:00,,
154,GOOD,4,"{'if': [{'and': [{'==': [{'var': 'run.oms.ecal_included'}, True]}, {'==': [{'var': 'lumisection.oms.ebm_ready'}, True]}]}, True, False]}",1,True,2019-04-18 13:52:37.251000+02:00,,
162,EXCLUDED,5,"{'if': [{'==': [{'var': 'run.oms.ecal_included'}, False]}, True, False]}",1,True,2019-04-18 14:10:02.160000+02:00,,
163,STANDBY,5,"{'if': [{'and': [{'==': [{'var': 'run.oms.ecal_included'}, True]}, {'==': [{'var': 'lumisection.oms.eep_ready'}, False]}]}, True, False]}",1,True,2019-04-18 14:11:01.701000+02:00,,
164,GOOD,5,"{'if': [{'and': [{'==': [{'var': 'run.oms.ecal_included'}, True]}, {'==': [{'var': 'lumisection.oms.eep_ready'}, True]}]}, True, False]}",1,True,2019-04-18 14:11:12.163000+02:00,,
165,EXCLUDED,6,"{'if': [{'==': [{'var': 'run.oms.ecal_included'}, False]}, True, False]}",1,True,2019-04-18 14:15:17.611000+02:00,,
166,STANDBY,6,"{'if': [{'and': [{'==': [{'var': 'run.oms.ecal_included'}, True]}, {'==': [{'var': 'lumisection.oms.esm_ready'}, False]}]}, True, False]}",1,True,2019-04-18 14:17:43.405000+02:00,,
167,GOOD,6,"{'if': [{'and': [{'==': [{'var': 'run.oms.ecal_included'}, True]}, {'==': [{'var': 'lumisection.oms.esm_ready'}, True]}]}, True, False]}",1,True,2019-04-18 14:17:59.108000+02:00,,
169,EXCLUDED,6,"{'if': [{'==': [{'var': 'run.oms.esm_included'}, False]}, True, False]}",1,True,2019-04-18 14:15:17.611000+02:00,,
170,GOOD,6,"{'if': [{'and': [{'==': [{'var': 'run.oms.esm_present'}, True]}, {'==': [{'var': 'lumisection.oms.esm_ready'}, True]}]}, True, False]}",1,True,2019-04-18 14:17:59.108000+02:00,,
171,STANDBY,6,"{'if': [{'and': [{'==': [{'var': 'run.oms.esm_included'}, True]}, {'==': [{'var': 'lumisection.oms.esm_ready'}, False]}]}, True, False]}",1,True,2019-04-18 14:17:43.405000+02:00,,
301,GOOD,8,"{'if': [{'and': [{'var': 'castor_included'}, {'var': 'castor_ready'}]}, True, False]}",3,True,2018-08-07 13:01:48.463000+02:00,,
302,EXCLUDED,8,"{'if': [{'and': [{'==': [{'var': 'castor_included'}, None]}]}, True, False]}",1,True,2018-08-07 13:01:48.463000+02:00,,
303,STANDBY,8,"{'if': [{'and': [{'var': 'castor_included'}, {'==': [{'var': 'castor_ready'}, False]}]}, True, False]}",2,True,2018-08-07 13:01:48.463000+02:00,,
346,BAD,8,"{'if': [{'and': [{'var': 'castor_included'}, {'var': 'castor_ready'}]}, True, False]}",4,True,2018-08-07 13:01:48.463000+02:00,,
329,GOOD,9,"{'if': [{'and': [{'var': 'beam1_present'}, {'var': 'beam2_present'}, {'var': 'beam1_stable'}, {'var': 'beam2_stable'}]}, True, False]}",1,True,2018-08-07 13:01:48.463000+02:00,,
330,BAD,9,"{'if': [{'==': [{'var': 'beams_present_and_stable'}, False]}, True, False]}",2,True,2018-08-07 13:01:48.463000+02:00,,
356,BAD,9,"{'if': [{'or': [{'==': [{'var': 'beam1_present'}, False]}, {'==': [{'var': 'beam1_present'}, False]}, {'==': [{'var': 'beam2_stable'}, False]}, {'==': [{'var': 'beam2_stable'}, False]}]}, True, False]}",2,True,2018-08-07 13:01:48.463000+02:00,,
357,BAD,9,"{'if': [{'or': [{'==': [{'var': 'beam1_present'}, False]}, {'==': [{'var': 'beam1_present'}, False]}, {'==': [{'var': 'beam2_stable'}, False]}, {'==': [{'var': 'beam2_stablef'}, False]}]}, True, False]}",2,True,2018-08-07 13:01:48.463000+02:00,,
358,BAD,9,"{'if': [{'or': [{'==': [{'var': 'beam1_present'}, False]}, {'==': [{'var': 'beam1_present'}, False]}, {'==': [{'var': 'beam2_stable'}, False]}, {'==': [{'var': 'beam2_stable'}, False]}]}, True, False]}",2,True,2018-08-07 13:01:48.463000+02:00,,
359,BAD,9,"{'if': [{'or': [{'==': [{'var': 'beam1_present'}, False]}, {'==': [{'var': 'beam1_present'}, False]}, {'==': [{'var': 'beam2_stable'}, False]}, {'==': [{'var': 'beam2_stable'}, False]}]}, True, False]}",2,True,2018-08-07 13:01:48.463000+02:00,,
304,EXCLUDED,13,"{'if': [{'and': [{'==': [{'var': 'csc_included'}, None]}]}, True, False]}",1,True,2018-08-07 13:01:48.463000+02:00,,
306,GOOD,13,"{'if': [{'and': [{'var': 'csc_included'}, {'or': [{'var': 'cscp_ready'}, {'var': 'cscm_ready'}]}]}, True, False]}",3,True,2018-08-07 13:01:48.463000+02:00,,
307,BAD,13,"{'if': [{'and': [{'var': 'csc_included'}, {'or': [{'var': 'cscp_ready'}, {'var': 'cscm_ready'}]}]}, True, False]}",4,True,2018-08-07 13:01:48.463000+02:00,,
308,STANDBY,13,"{'if': [{'and': [{'var': 'csc_included'}, {'==': [{'var': 'cscp_ready'}, False]}, {'==': [{'var': 'cscm_ready'}, False]}]}, True, False]}",2,True,2018-08-07 13:01:48.463000+02:00,,
311,GOOD,14,"{'if': [{'and': [{'var': 'ctpps_included'}, {'var': 'ctpps_ready'}]}, True, False]}",3,True,2018-08-07 13:01:48.463000+02:00,,
312,STANDBY,14,"{'if': [{'and': [{'var': 'ctpps_included'}, {'==': [{'var': 'ctpps_ready'}, False]}]}, True, False]}",2,True,2018-08-07 13:01:48.463000+02:00,,
313,EXCLUDED,14,"{'if': [{'and': [{'==': [{'var': 'ctpps_included'}, None]}]}, True, False]}",1,True,2018-08-07 13:01:48.463000+02:00,,
347,BAD,14,"{'if': [{'and': [{'var': 'ctpps_included'}, {'var': 'ctpps_ready'}]}, True, False]}",4,True,2018-08-07 13:01:48.463000+02:00,,
314,GOOD,15,"{'if': [{'and': [{'var': 'dt_included'}, {'or': [{'var': 'dt0_ready'}, {'var': 'dtm_ready'}, {'var': 'dtp_ready'}]}]}, True, False]}",3,True,2018-08-07 13:01:48.463000+02:00,,
315,EXCLUDED,15,"{'if': [{'and': [{'==': [{'var': 'dt_included'}, None]}]}, True, False]}",1,True,2018-08-07 13:01:48.463000+02:00,,
316,STANDBY,15,"{'if': [{'and': [{'var': 'dt_included'}, {'==': [{'var': 'dt0_ready'}, False]}, {'==': [{'var': 'dtm_ready'}, False]}, {'==': [{'var': 'dtp_ready'}, False]}]}, True, False]}",2,True,2018-08-07 13:01:48.463000+02:00,,
348,BAD,15,"{'if': [{'and': [{'var': 'dt_included'}, {'or': [{'var': 'dt0_ready'}, {'var': 'dtm_ready'}, {'var': 'dtp_ready'}]}]}, True, False]}",4,True,2018-08-07 13:01:48.463000+02:00,,
317,EXCLUDED,16,"{'if': [{'and': [{'==': [{'var': 'ecal_included'}, None]}]}, True, False]}",1,True,2018-08-07 13:01:48.463000+02:00,,
318,GOOD,16,"{'if': [{'and': [{'var': 'ecal_included'}, {'or': [{'var': 'ebm_ready'}, {'var': 'ebp_ready'}, {'var': 'eem_ready'}, {'var': 'eep_ready'}]}]}, True, False]}",3,True,2018-08-07 13:01:48.463000+02:00,,
319,STANDBY,16,"{'if': [{'and': [{'var': 'ecal_included'}, {'==': [{'var': 'ebm_ready'}, False]}, {'==': [{'var': 'ebp_ready'}, False]}, {'==': [{'var': 'eem_ready'}, False]}, {'==': [{'var': 'eep_ready'}, False]}]}, True, False]}",2,True,2018-08-07 13:01:48.463000+02:00,,
349,BAD,16,"{'if': [{'and': [{'var': 'ecal_included'}, {'or': [{'var': 'ebm_ready'}, {'var': 'ebp_ready'}, {'var': 'eem_ready'}, {'var': 'eep_ready'}]}]}, True, False]}",4,True,2018-08-07 13:01:48.463000+02:00,,
323,GOOD,18,"{'if': [{'and': [{'var': 'hcal_included'}, {'or': [{'var': 'hbhea_ready'}, {'var': 'hbheb_ready'}, {'var': 'hbhec_ready'}, {'var': 'hf_ready'}, {'var': 'ho_ready'}]}]}, True, False]}",3,True,2018-08-07 13:01:48.463000+02:00,,
324,EXCLUDED,18,"{'if': [{'and': [{'==': [{'var': 'hcal_included'}, None]}]}, True, False]}",1,True,2018-08-07 13:01:48.463000+02:00,,
325,STANDBY,18,"{'if': [{'and': [{'var': 'hcal_included'}, {'==': [{'var': 'hbhea_ready'}, False]}, {'==': [{'var': 'hbheb_ready'}, False]}, {'==': [{'var': 'hbhec_ready'}, False]}, {'==': [{'var': 'hf_ready'}, False]}, {'==': [{'var': 'ho_ready'}, False]}]}, True, False]}",2,True,2018-08-07 13:01:48.463000+02:00,,
351,BAD,18,"{'if': [{'and': [{'var': 'hcal_included'}, {'or': [{'var': 'hbhea_ready'}, {'var': 'hbheb_ready'}, {'var': 'hbhec_ready'}, {'var': 'hf_ready'}, {'var': 'ho_ready'}]}]}, True, False]}",4,True,2018-08-07 13:01:48.463000+02:00,,
305,GOOD,19,"{'if': [{'and': [True]}, True, False]}",1,True,2018-08-07 13:01:48.463000+02:00,,
332,BAD,19,"{'if': [{'and': [True]}, True, False]}",2,True,2018-08-07 13:01:48.463000+02:00,,
333,GOOD,21,"{'if': [{'and': [True]}, True, False]}",1,True,2018-08-07 13:01:48.463000+02:00,,
334,BAD,21,"{'if': [{'and': [True]}, True, False]}",2,True,2018-08-07 13:01:48.463000+02:00,,
340,GOOD,22,"{'if': [{'and': [True]}, True, False]}",1,True,2018-08-07 13:01:48.463000+02:00,,
341,BAD,22,"{'if': [{'and': [True]}, True, False]}",2,True,2018-08-07 13:01:48.463000+02:00,,
342,NOTSET,22,"{'if': [{'and': [True]}, True, False]}",3,True,2018-08-07 13:01:48.463000+02:00,,
309,STANDBY,24,"{'if': [{'and': [{'var': 'rpc_included'}, {'==': [{'var': 'rpc_ready'}, False]}]}, True, False]}",2,True,2018-08-07 13:01:48.463000+02:00,,
310,EXCLUDED,24,"{'if': [{'==': [{'var': 'rpc_included'}, None]}, True, False]}",1,True,2018-08-07 13:01:48.463000+02:00,,
331,GOOD,24,"{'if': [{'and': [{'var': 'rpc_included'}, {'var': 'rpc_ready'}]}, True, False]}",3,True,2018-08-07 13:01:48.463000+02:00,,
354,BAD,24,"{'if': [{'and': [{'var': 'rpc_included'}, {'var': 'rpc_ready'}]}, True, False]}",4,True,2018-11-20 11:34:15.832000+01:00,,
326,GOOD,27,"{'if': [{'and': [{'var': 'pixel_included'}, {'or': [{'var': 'bpix_ready'}, {'var': 'fpix_ready'}]}]}, True, False]}",3,True,2018-08-07 13:01:48.463000+02:00,,
327,EXCLUDED,27,"{'if': [{'and': [{'==': [{'var': 'pixel_included'}, None]}]}, True, False]}",1,True,2018-08-07 13:01:48.463000+02:00,,
328,STANDBY,27,"{'if': [{'and': [{'var': 'pixel_included'}, {'==': [{'var': 'bpix_ready'}, False]}, {'==': [{'var': 'fpix_ready'}, False]}]}, True, False]}",2,True,2018-08-07 13:01:48.463000+02:00,,
353,BAD,27,"{'if': [{'and': [{'var': 'pixel_included'}, {'or': [{'var': 'bpix_ready'}, {'var': 'fpix_ready'}]}]}, True, False]}",4,True,2018-11-20 11:33:04.830000+01:00,,
343,EXCLUDED,28,"{'if': [{'and': [{'==': [{'var': 'tracker_included'}, None]}]}, True, False]}",1,True,2018-08-07 13:01:48.463000+02:00,,
344,STANDBY,28,"{'if': [{'and': [{'var': 'tracker_included'}, {'==': [{'var': 'tecm_ready'}, False]}, {'==': [{'var': 'tecp_ready'}, False]}, {'==': [{'var': 'tibtid_ready'}, False]}, {'==': [{'var': 'tob_ready'}, False]}]}, True, False]}",2,True,2018-08-07 13:01:48.463000+02:00,,
345,GOOD,28,"{'if': [{'and': [{'var': 'tracker_included'}, {'or': [{'var': 'tecm_ready'}, {'var': 'tecp_ready'}, {'var': 'tibtid_ready'}, {'var': 'tob_ready'}]}]}, True, False]}",3,True,2018-08-07 13:01:48.463000+02:00,,
355,BAD,28,"{'if': [{'and': [{'var': 'tracker_included'}, {'or': [{'var': 'tecm_ready'}, {'var': 'tecp_ready'}, {'var': 'tibtid_ready'}, {'var': 'tob_ready'}]}]}, True, False]}",4,True,2018-11-20 11:35:49.367000+01:00,,
320,GOOD,29,"{'if': [{'and': [{'var': 'es_included'}, {'or': [{'var': 'esm_ready'}, {'var': 'esp_ready'}]}]}, True, False]}",3,True,2018-08-07 13:01:48.463000+02:00,,
321,EXCLUDED,29,"{'if': [{'and': [{'==': [{'var': 'es_included'}, None]}]}, True, False]}",1,True,2018-08-07 13:01:48.463000+02:00,,
322,STANDBY,29,"{'if': [{'and': [{'var': 'es_included'}, {'==': [{'var': 'esm_ready'}, False]}, {'==': [{'var': 'esp_ready'}, False]}]}, True, False]}",2,True,2018-08-07 13:01:48.463000+02:00,,
350,BAD,29,"{'if': [{'and': [{'var': 'es_included'}, {'or': [{'var': 'esm_ready'}, {'var': 'esp_ready'}]}]}, True, False]}",4,True,2018-08-07 13:01:48.463000+02:00,,
338,GOOD,30,"{'if': [{'and': [True]}, True, False]}",2,True,2018-08-07 13:01:48.463000+02:00,,
339,BAD,30,"{'if': [{'and': [True]}, True, False]}",3,True,2018-08-07 13:01:48.463000+02:00,,
352,NOTSET,30,"{'if': [{'and': [True]}, True, False]}",1,True,2018-11-20 11:28:35.874000+01:00,,
335,NOTSET,31,"{'if': [{'and': [True]}, True, False]}",1,True,2018-08-07 13:01:48.463000+02:00,,
336,GOOD,31,"{'if': [{'and': [True]}, True, False]}",2,True,2018-08-07 13:01:48.463000+02:00,,
337,BAD,31,"{'if': [{'and': [True]}, True, False]}",3,True,2018-08-07 13:01:48.463000+02:00,,
3,BAD,87,"{'if': [False, False, False]}",1,True,2019-04-17 16:10:07.296000+02:00,,
53,NOTSET,87,"{'if': [True, True, False]}",1,True,2019-04-17 16:42:04.399000+02:00,,
54,BAD,87,"{'if': [True, True, False]}",1,True,2019-04-17 16:42:13.037000+02:00,,
55,GOOD,87,"{'if': [True, True, False]}",1,True,2019-04-17 16:42:17.231000+02:00,,
56,EXCLUDED,87,"{'if': [True, True, False]}",1,True,2019-04-17 16:42:21.518000+02:00,,
57,STANDBY,87,"{'if': [True, True, False]}",1,True,2019-04-17 16:42:25.709000+02:00,,
63,NOTSET,88,"{'if': [True, True, False]}",1,True,2019-04-17 16:43:25.828000+02:00,,
64,BAD,88,"{'if': [True, True, False]}",1,True,2019-04-17 16:43:29.893000+02:00,,
65,GOOD,88,"{'if': [True, True, False]}",1,True,2019-04-17 16:43:38.610000+02:00,,
66,EXCLUDED,88,"{'if': [True, True, False]}",1,True,2019-04-17 16:44:02.328000+02:00,,
67,STANDBY,88,"{'if': [True, True, False]}",1,True,2019-04-17 16:44:07.828000+02:00,,
16,NOTSET,89,"{'if': [True, True, False]}",1,True,2019-04-17 16:10:07.296000+02:00,,
17,BAD,89,"{'if': [True, True, False]}",1,True,2019-04-17 16:10:07.296000+02:00,,
18,GOOD,89,"{'if': [True, True, False]}",1,True,2019-04-17 16:10:07.296000+02:00,,
19,EXCLUDED,89,"{'if': [True, True, False]}",1,True,2019-04-17 16:10:07.296000+02:00,,
20,STANDBY,89,"{'if': [True, True, False]}",1,True,2019-04-17 16:10:07.296000+02:00,,
21,NOTSET,90,"{'if': [True, True, False]}",1,True,2019-04-17 16:10:07.296000+02:00,,
22,BAD,90,"{'if': [True, True, False]}",1,True,2019-04-17 16:10:07.296000+02:00,,
23,GOOD,90,"{'if': [True, True, False]}",1,True,2019-04-17 16:10:07.296000+02:00,,
24,EXCLUDED,90,"{'if': [True, True, False]}",1,True,2019-04-17 16:10:07.296000+02:00,,
25,STANDBY,90,"{'if': [True, True, False]}",1,True,2019-04-17 16:10:07.296000+02:00,,
43,NOTSET,91,"{'if': [True, True, False]}",1,True,2019-04-17 16:40:40.466000+02:00,,
44,BAD,91,"{'if': [True, True, False]}",1,True,2019-04-17 16:40:45.702000+02:00,,
45,GOOD,91,"{'if': [True, True, False]}",1,True,2019-04-17 16:40:49.972000+02:00,,
46,EXCLUDED,91,"{'if': [True, True, False]}",1,True,2019-04-17 16:41:00.659000+02:00,,
47,STANDBY,91,"{'if': [True, True, False]}",1,True,2019-04-17 16:41:06.988000+02:00,,
48,NOTSET,92,"{'if': [True, True, False]}",1,True,2019-04-17 16:41:19.712000+02:00,,
49,BAD,92,"{'if': [True, True, False]}",1,True,2019-04-17 16:41:26.013000+02:00,,
50,GOOD,92,"{'if': [True, True, False]}",1,True,2019-04-17 16:41:34.190000+02:00,,
51,EXCLUDED,92,"{'if': [True, True, False]}",1,True,2019-04-17 16:41:42.285000+02:00,,
52,STANDBY,92,"{'if': [True, True, False]}",1,True,2019-04-17 16:41:47.417000+02:00,,
58,NOTSET,93,"{'if': [True, True, False]}",1,True,2019-04-17 16:42:40.139000+02:00,,
59,BAD,93,"{'if': [True, True, False]}",1,True,2019-04-17 16:42:45.450000+02:00,,
60,GOOD,93,"{'if': [True, True, False]}",1,True,2019-04-17 16:42:50.427000+02:00,,
61,EXCLUDED,93,"{'if': [True, True, False]}",1,True,2019-04-17 16:42:59.889000+02:00,,
62,STANDBY,93,"{'if': [True, True, False]}",1,True,2019-04-17 16:43:04.262000+02:00,,
68,NOTSET,94,"{'if': [True, True, False]}",1,True,2019-04-17 16:49:36.702000+02:00,,
69,BAD,94,"{'if': [True, True, False]}",1,True,2019-04-17 16:49:40.907000+02:00,,
70,GOOD,94,"{'if': [True, True, False]}",1,True,2019-04-17 16:49:44.872000+02:00,,
71,EXCLUDED,94,"{'if': [True, True, False]}",1,True,2019-04-17 16:50:01.953000+02:00,,
72,STANDBY,94,"{'if': [True, True, False]}",1,True,2019-04-17 16:50:06.260000+02:00,,
155,STANDBY,101,"{'if': [{'and': [{'==': [{'var': 'run.oms.ecal_included'}, True]}, {'==': [{'var': 'lumisection.oms.ebm_ready'}, False]}]}, True, False]}",1,True,2019-04-18 13:53:52.536000+02:00,,
156,EXCLUDED,101,"{'if': [{'==': [{'var': 'run.oms.ecal_included'}, False]}, True, False]}",1,True,2019-04-18 13:54:38.822000+02:00,,
157,GOOD,101,"{'if': [{'and': [{'==': [{'var': 'run.oms.ecal_included'}, True]}, {'==': [{'var': 'lumisection.oms.ebm_ready'}, True]}]}, True, False]}",1,True,2019-04-18 13:54:57.699000+02:00,,
158,EXCLUDED,102,"{'if': [{'==': [{'var': 'run.oms.ecal_included'}, False]}, True, False]}",1,True,2019-04-18 14:05:44.427000+02:00,,
159,STANDBY,102,"{'if': [{'and': [{'==': [{'var': 'run.oms.ecal_included'}, False]}, {'==': [{'var': 'lumisection.oms.eem_ready'}, False]}]}, True, False]}",1,True,2019-04-18 14:07:02.370000+02:00,,
160,GOOD,102,"{'if': [{'and': [{'==': [{'var': 'run.oms.ecal_included'}, True]}, {'==': [{'var': 'lumisection.oms.eem_ready'}, True]}]}, True, False]}",1,True,2019-04-18 14:07:28.500000+02:00,,
161,STANDBY,102,"{'if': [{'and': [{'==': [{'var': 'run.oms.ecal_included'}, True]}, {'==': [{'var': 'lumisection.oms.eem_ready'}, False]}]}, True, False]}",1,True,2019-04-18 14:07:02.370000+02:00,,
168,EXCLUDED,104,"{'if': [{'==': [{'var': 'run.oms.esp_included'}, False]}, True, False]}",1,True,2019-04-18 14:19:34.507000+02:00,,
172,EXCLUDED,104,"{'if': [{'and': [{'==': [{'var': 'run.oms.es_included'}, True]}, {'==': [{'var': 'lumisection.oms.esp_ready'}, False]}]}, True, False]}",1,True,2019-04-18 14:28:02.219000+02:00,,
173,EXCLUDED,104,"{'if': [{'==': [{'var': 'run.oms.es_included'}, False]}, True, False]}",1,True,2019-04-18 14:19:34.507000+02:00,,
174,STANDBY,104,"{'if': [{'and': [{'==': [{'var': 'run.oms.es_included'}, True]}, {'==': [{'var': 'lumisection.oms.esp_ready'}, False]}]}, True, False]}",1,True,2019-04-18 14:28:35.427000+02:00,,
175,GOOD,104,"{'if': [{'and': [{'==': [{'var': 'run.oms.es_included'}, True]}, {'==': [{'var': 'lumisection.oms.esp_ready'}, True]}]}, True, False]}",1,True,2019-04-18 14:29:01.606000+02:00,,
150,STANDBY,108,"{'if': [{'and': [{'==': [{'var': 'run.ecal_included'}, True]}, {'==': [{'var': 'ebm_ready'}, False]}]}, True, False]}",1,True,2019-04-18 13:41:13.988000+02:00,,
111,NOTSET,136,"{'if': [{'==': [{'var': 'lumisection.rr.l1t-l1t.status'}, 'NOTSET']}, True, False]}",1,True,2019-04-17 17:34:20.450000+02:00,,
112,GOOD,136,"{'if': [{'==': [{'var': 'lumisection.rr.l1t-l1t.status'}, 'GOOD']}, True, False]}",1,True,2019-04-17 17:34:30.027000+02:00,,
113,BAD,136,"{'if': [{'==': [{'var': 'lumisection.rr.l1t-l1t.status'}, 'BAD']}, True, False]}",1,True,2019-04-17 17:34:41.948000+02:00,,
114,NOTSET,136,"{'if': [{'==': [{'var': 'lumisection.rr.l1t-l1tcalo.status'}, 'NOTSET']}, True, False]}",1,True,2019-04-17 17:34:20.450000+02:00,,
115,GOOD,136,"{'if': [{'==': [{'var': 'lumisection.rr.l1t-l1tcalo.status'}, 'GOOD']}, True, False]}",1,True,2019-04-17 17:34:30.027000+02:00,,
116,BAD,136,"{'if': [{'==': [{'var': 'lumisection.rr.l1t-l1tcalo.status'}, 'BAD']}, True, False]}",1,True,2019-04-17 17:34:41.948000+02:00,,
117,NOTSET,137,"{'if': [{'==': [{'var': 'lumisection.rr.l1t-l1tmu.status'}, 'NOTSET']}, True, False]}",1,True,2019-04-17 17:37:12.494000+02:00,,
118,GOOD,137,"{'if': [{'==': [{'var': 'lumisection.rr.l1t-l1tmu.status'}, 'GOOD']}, True, False]}",1,True,2019-04-17 17:37:33.954000+02:00,,
119,BAD,137,"{'if': [{'==': [{'var': 'lumisection.rr.l1t-l1tmu.status'}, 'BAD']}, True, False]}",1,True,2019-04-17 17:37:47.539000+02:00,,
177,GOOD,145,"{'if': [True, True, False]}",1,True,2019-04-18 14:32:06.614000+02:00,,
178,NOTSET,147,"{'if': [True, True, False]}",1,True,2019-04-18 14:32:41.191000+02:00,,
176,NOTSET,148,"{'if': [True, True, False]}",1,True,2019-04-18 14:31:31.173000+02:00,,
123,EXCLUDED,149,"{'if': [{'==': [{'var': 'lumisection.rr.tracker-pixel.status'}, 'EXCLUDED']}, True, False]}",1,True,2019-04-17 18:06:45.317000+02:00,,
124,STANDBY,149,"{'if': [{'==': [{'var': 'lumisection.rr.tracker-pixel.status'}, 'STANDBY']}, True, False]}",1,True,2019-04-17 18:07:05.044000+02:00,,
125,GOOD,149,"{'if': [{'==': [{'var': 'lumisection.rr.tracker-pixel.status'}, 'GOOD']}, True, False]}",1,True,2019-04-17 18:07:24.539000+02:00,,
126,BAD,149,"{'if': [{'==': [{'var': 'lumisection.rr.tracker-pixel.status'}, 'BAD']}, True, False]}",1,True,2019-04-17 18:07:32.362000+02:00,,
4,GOOD,150,"{'if': [True, True, True]}",1,True,2019-04-17 16:10:07.296000+02:00,,
128,EXCLUDED,150,"{'if': [{'==': [{'var': 'lumisection.rr.tracker-strip.status'}, 'EXCLUDED']}, True, False]}",1,True,2019-04-17 18:11:03.619000+02:00,,
129,STANDBY,150,"{'if': [{'==': [{'var': 'lumisection.rr.tracker-strip.status'}, 'STANDBY']}, True, False]}",1,True,2019-04-17 18:11:13.204000+02:00,,
130,GOOD,150,"{'if': [{'==': [{'var': 'lumisection.rr.tracker-strip.status'}, 'GOOD']}, True, False]}",1,True,2019-04-17 18:11:23.758000+02:00,,
131,BAD,150,"{'if': [{'==': [{'var': 'lumisection.rr.tracker-strip.status'}, 'BAD']}, True, False]}",1,True,2019-04-17 18:11:35.594000+02:00,,
127,NOTSET,151,"{'if': [True, True, False]}",1,True,2019-04-17 18:10:23.166000+02:00,,
8,GOOD,152,"{'if': [{'and': [{'==': [{'var': 'online.cms-cms.status'}, 'GOOD']}]}, True, False]}",1,True,2019-04-17 16:10:07.296000+02:00,,
9,BAD,152,"{'if': [{'and': [{'==': [{'var': 'online.cms-cms.status'}, 'BAD']}]}, True, False]}",1,True,2019-04-17 16:10:07.296000+02:00,,
10,GOOD,152,"{'if': [{'and': [{'==': [{'var': 'lumisection.rr.cms-cms.status'}, 'GOOD']}]}, True, False]}",1,True,2019-04-17 16:10:07.296000+02:00,,
11,BAD,152,"{'if': [{'and': [{'==': [{'var': 'lumisection.rr.cms-cms.status'}, 'BAD']}]}, True, False]}",1,True,2019-04-17 16:10:07.296000+02:00,,
82,GOOD,152,"{'if': [{'==': [{'var': 'lumisection.rr.cms-cms.status'}, 'GOOD']}, True, False]}",1,True,2019-04-17 16:10:07.296000+02:00,,
83,BAD,152,"{'if': [{'==': [{'var': 'lumisection.rr.cms-cms.status'}, 'BAD']}, True, False]}",1,True,2019-04-17 16:10:07.296000+02:00,,
14,STANDBY,153,"{'if': [{'and': [{'==': [{'var': 'run.oms.csc_included'}, True]}, {'==': [{'var': 'lumisection.oms.cscm_ready'}, False]}, {'==': [{'var': 'lumisection.oms.cscp_ready'}, False]}]}, True, False]}",1,True,2019-04-17 16:10:07.296000+02:00,,
15,EXCLUDED,153,"{'if': [{'==': [{'var': 'run.oms.csc_included'}, False]}, True, False]}",1,True,2019-04-17 16:10:07.296000+02:00,,
73,STANDBY,153,"{'if': [{'==': [{'var': 'lumisection.rr.csc-csc.status'}, 'STANDBY']}, True, False]}",1,True,2019-04-17 16:10:07.296000+02:00,,
74,EXCLUDED,153,"{'if': [{'==': [{'var': 'lumisection.rr.csc-csc.status'}, 'EXCLUDED']}, True, False]}",1,True,2019-04-17 16:10:07.296000+02:00,,
75,GOOD,153,"{'if': [{'==': [{'var': 'lumisection.rr.csc-csc.status'}, 'GOOD']}, True, False]}",1,True,2019-04-17 17:15:49.746000+02:00,,
76,BAD,153,"{'if': [{'==': [{'var': 'lumisection.rr.csc-csc.status'}, 'BAD']}, True, False]}",1,True,2019-04-17 17:16:05.220000+02:00,,
77,STANDBY,153,"{'if': [{'==': [{'var': 'lumisection.rr.csc-csc.status'}, 'STANDBY']}, True, False]}",1,True,2019-04-17 17:16:34.755000+02:00,,
145,NOTSET,154,"{'if': [{'==': [{'var': 'lumisection.rr.ctpps-ctpps.status'}, 'NOTSET']}, True, False]}",1,True,2019-04-18 13:25:07.798000+02:00,,
146,GOOD,154,"{'if': [{'==': [{'var': 'lumisection.rr.ctpps-ctpps.status'}, 'GOOD']}, True, False]}",1,True,2019-04-18 13:25:15.894000+02:00,,
147,BAD,154,"{'if': [{'==': [{'var': 'lumisection.rr.ctpps-ctpps.status'}, 'BAD']}, True, False]}",1,True,2019-04-18 13:25:22.423000+02:00,,
148,EXCLUDED,154,"{'if': [{'==': [{'var': 'lumisection.rr.ctpps-ctpps.status'}, 'EXCLUDED']}, True, False]}",1,True,2019-04-18 13:25:29.563000+02:00,,
149,STANDBY,154,"{'if': [{'==': [{'var': 'lumisection.rr.ctpps-ctpps.status'}, 'STANDBY']}, True, False]}",1,True,2019-04-18 13:25:37.468000+02:00,,
89,EXCLUDED,155,"{'if': [{'==': [{'var': 'lumisection.rr.ecal-ecal.status'}, 'EXCLUDED']}, True, False]}",1,True,2019-04-17 17:23:17.274000+02:00,,
90,STANDBY,155,"{'if': [{'==': [{'var': 'lumisection.rr.ecal-ecal.status'}, 'STANDBY']}, True, False]}",1,True,2019-04-17 17:23:32.777000+02:00,,
92,BAD,155,"{'if': [{'==': [{'var': 'lumisection.rr.ecal-ecal.status'}, 'BAD']}, True, False]}",1,True,2019-04-17 17:24:07.881000+02:00,,
98,EXCLUDED,156,"{'if': [{'==': [{'var': 'lumisection.rr.hcal-hcal.status'}, 'EXCLUDED']}, True, False]}",1,True,2019-04-17 17:27:59.332000+02:00,,
99,STANDBY,156,"{'if': [{'==': [{'var': 'lumisection.rr.hcal-hcal.status'}, 'STANDBY']}, True, False]}",1,True,2019-04-17 17:28:08.269000+02:00,,
100,GOOD,156,"{'if': [{'==': [{'var': 'lumisection.rr.hcal-hcal.status'}, 'GOOD']}, True, False]}",1,True,2019-04-17 17:28:18.251000+02:00,,
101,BAD,156,"{'if': [{'==': [{'var': 'lumisection.rr.hcal-hcal.status'}, 'BAD']}, True, False]}",1,True,2019-04-17 17:28:26.025000+02:00,,
102,EXCLUDED,157,"{'if': [{'==': [{'var': 'lumisection.rr.hlt-hlt.status'}, 'EXCLUDED']}, True, False]}",1,True,2019-04-17 17:30:21.399000+02:00,,
103,STANDBY,157,"{'if': [{'==': [{'var': 'lumisection.rr.hlt-hlt.status'}, 'STANDBY']}, True, False]}",1,True,2019-04-17 17:30:32.251000+02:00,,
104,GOOD,157,"{'if': [{'==': [{'var': 'lumisection.rr.hlt-hlt.status'}, 'GOOD']}, True, False]}",1,True,2019-04-17 17:30:42.476000+02:00,,
105,BAD,157,"{'if': [{'==': [{'var': 'lumisection.rr.hlt-hlt.status'}, 'BAD']}, True, False]}",1,True,2019-04-17 17:30:53.198000+02:00,,
107,EXCLUDED,158,"{'if': [{'==': [{'var': 'lumisection.rr.l1t-l1t.status'}, 'EXCLUDED']}, True, False]}",1,True,2019-04-17 17:32:21.392000+02:00,,
108,STANDBY,158,"{'if': [{'==': [{'var': 'lumisection.rr.l1t-l1t.status'}, 'STANDBY']}, True, False]}",1,True,2019-04-17 17:32:30.166000+02:00,,
109,GOOD,158,"{'if': [{'==': [{'var': 'lumisection.rr.l1t-l1t.status'}, 'GOOD']}, True, False]}",1,True,2019-04-17 17:32:57.435000+02:00,,
110,BAD,158,"{'if': [{'==': [{'var': 'lumisection.rr.l1t-l1t.status'}, 'BAD']}, True, False]}",1,True,2019-04-17 17:33:07.880000+02:00,,
132,EXCLUDED,159,"{'if': [{'==': [{'var': 'lumisection.rr.rpc-rpc.status'}, 'EXCLUDED']}, True, False]}",1,True,2019-04-17 21:10:39.966000+02:00,,
133,STANDBY,159,"{'if': [{'==': [{'var': 'lumisection.rr.rpc-rpc.status'}, 'STANDBY']}, True, False]}",1,True,2019-04-17 21:10:51.141000+02:00,,
134,GOOD,159,"{'if': [{'==': [{'var': 'lumisection.rr.rpc-rpc.status'}, 'GOOD']}, True, False]}",1,True,2019-04-17 21:11:00.245000+02:00,,
135,BAD,159,"{'if': [{'==': [{'var': 'lumisection.rr.rpc-rpc.status'}, 'BAD']}, True, False]}",1,True,2019-04-17 21:11:07.669000+02:00,,
78,GOOD,161,"{'if': [{'==': [{'var': 'lumisection.rr.castor-castor.status'}, 'GOOD']}, True, False]}",1,True,2019-04-17 16:10:07.296000+02:00,,
79,EXCLUDED,161,"{'if': [{'==': [{'var': 'lumisection.rr.castor-castor.status'}, 'EXCLUDED']}, True, False]}",1,True,2019-04-17 16:10:07.296000+02:00,,
80,BAD,161,"{'if': [{'==': [{'var': 'lumisection.rr.castor-castor.status'}, 'BAD']}, True, False]}",1,True,2019-04-17 17:19:09.055000+02:00,,
81,STANDBY,161,"{'if': [{'==': [{'var': 'lumisection.rr.castor-castor.status'}, 'STANDBY']}, True, False]}",1,True,2019-04-17 17:19:32.761000+02:00,,
84,EXCLUDED,162,"{'if': [{'==': [{'var': 'lumisection.rr.dt-dt.status'}, 'EXCLUDED']}, True, False]}",1,True,2019-04-17 17:20:48.118000+02:00,,
85,STANDBY,162,"{'if': [{'==': [{'var': 'lumisection.rr.dt-dt.status'}, 'STANDBY']}, True, False]}",1,True,2019-04-17 17:21:05.500000+02:00,,
86,GOOD,162,"{'if': [{'==': [{'var': 'lumisection.rr.dt-dt.status'}, 'GOOD']}, True, False]}",1,True,2019-04-17 17:21:13.590000+02:00,,
87,BAD,162,"{'if': [{'==': [{'var': 'lumisection.rr.dt-dt.status'}, 'BAD']}, True, False]}",1,True,2019-04-17 17:21:26.897000+02:00,,
88,STANDBY,162,"{'if': [{'==': [{'var': 'lumisection.rr.dt-dt.status'}, 'STANDBY']}, True, False]}",1,True,2019-04-17 17:22:09.341000+02:00,,
93,NOTSET,163,"{'if': [True, True, False]}",1,True,2019-04-17 17:24:50.352000+02:00,,
106,NOTSET,164,"{'if': [True, True, False]}",1,True,2019-04-17 17:31:14.831000+02:00,,
136,EXCLUDED,165,"{'if': [{'==': [{'var': 'lumisection.rr.lumi-lumi.status'}, 'EXCLUDED']}, True, False]}",1,True,2019-04-17 21:35:08.839000+02:00,,
137,GOOD,165,"{'if': [{'==': [{'var': 'lumisection.rr.lumi-lumi.status'}, 'GOOD']}, True, False]}",1,True,2019-04-17 21:35:19.203000+02:00,,
138,BAD,165,"{'if': [{'==': [{'var': 'lumisection.rr.lumi-lumi.status'}, 'BAD']}, True, False]}",1,True,2019-04-17 21:35:25.826000+02:00,,
139,STANDBY,165,"{'if': [{'==': [{'var': 'lumisection.rr.lumi-lumi.status'}, 'STANDBY']}, True, False]}",1,True,2019-04-17 21:35:35.165000+02:00,,
120,NOTSET,166,"{'if': [True, True, False]}",1,True,2019-04-17 17:38:27.947000+02:00,,
121,GOOD,166,"{'if': [True, True, False]}",1,True,2019-04-17 17:38:35.258000+02:00,,
122,BAD,166,"{'if': [True, True, False]}",1,True,2019-04-17 17:38:41.634000+02:00,,
140,EXCLUDED,167,"{'if': [{'==': [{'var': 'lumisection.rr.tau-tau.status'}, 'EXCLUDED']}, True, False]}",1,True,2019-04-17 21:36:22.943000+02:00,,
141,STANDBY,167,"{'if': [{'==': [{'var': 'lumisection.rr.tau-tau.status'}, 'STANDBY']}, True, False]}",1,True,2019-04-17 21:36:30.662000+02:00,,
142,BAD,167,"{'if': [{'==': [{'var': 'lumisection.rr.tau-tau.status'}, 'BAD']}, True, False]}",1,True,2019-04-17 21:36:40.103000+02:00,,
143,GOOD,167,"{'if': [{'==': [{'var': 'lumisection.rr.tau-tau.status'}, 'GOOD']}, True, False]}",1,True,2019-04-17 21:36:57.384000+02:00,,
144,NOTSET,167,"{'if': [{'==': [{'var': 'lumisection.rr.tau-tau.status'}, 'NOTSET']}, True, False]}",1,True,2019-04-17 21:37:07.701000+02:00,,
179,GOOD,167,"{'if': [True, True, False]}",1,True,2019-04-18 14:34:11.286000+02:00,,
91,GOOD,155,"{'if': [{'==': [{'var': 'lumisection.rr.ecal-ecal.status'}, 'GOOD']}, True, False]}",1,True,2019-04-17 17:23:47.032000+02:00,,
97,BAD,103,"{'if': [{'==': [{'var': 'lumisection.rr.ecal-es.status'}, 'BAD']}, True, False]}",1,True,2019-04-17 17:27:20.330000+02:00,,
95,STANDBY,103,"{'if': [{'==': [{'var': 'lumisection.rr.ecal-es.status'}, 'STANDBY']}, True, False]}",1,True,2019-04-17 17:26:38.732000+02:00,,
96,GOOD,103,"{'if': [{'==': [{'var': 'lumisection.rr.ecal-es.status'}, 'GOOD']}, True, False]}",1,True,2019-04-17 17:27:02.124000+02:00,,
94,EXCLUDED,103,"{'if': [{'==': [{'var': 'lumisection.rr.ecal-es.status'}, 'EXCLUDED']}, True, False]}",1,True,2019-04-17 17:26:28.769000+02:00,,
360,GOOD,14,"{'if': [{'and': [{'==': [{'var': 'ctpps_included'}, True]}, {'or': [{'==': [{'var': 'rp_sect_45_ready'}, True]}, {'==': [{'var': 'rp_sect_56_ready'}, True]}]}]}, True, False]}",3,True,2018-08-07 13:01:48.463000+02:00,,
361,STANDBY,14,"{'if': [{'and': [{'==': [{'var': 'ctpps_included'}, True]}, {'==': [{'or': [{'==': [{'var': 'rp_sect_45_ready'}, None]}, {'==': [{'var': 'rp_sect_56_ready'}, None]}]}, True]}]}, True, False]}",2,True,2018-08-07 13:01:48.463000+02:00,,
362,EXCLUDED,14,"{'if': [{'!=': [{'var': 'ctpps_included'}, True]}, True, False]}",1,True,2018-08-07 13:01:48.463000+02:00,,
363,BAD,14,"{'if': [{'and': [{'==': [{'var': 'ctpps_included'}, True]}, {'or': [{'==': [{'var': 'rp_sect_45_ready'}, False]}, {'==': [{'var': 'rp_sect_56_ready'}, False]}]}]}, True, False]}",4,True,2018-08-07 13:01:48.463000+02:00,,
490,NOTSET,168,"{'if': [True, True, False]}",1,True,2022-10-24 11:30:08.286000+02:00,Shin-Shan.Yu@cern.ch,
364,STANDBY,14,"{'if': [{'and': [{'==': [{'var': 'ctpps_included'}, True]}, {'or': [{'==': [{'var': 'rp_sect_45_ready'}, None]}, {'==': [{'var': 'rp_sect_56_ready'}, None]}]}]}, True, False]}",2,True,2018-08-07 13:01:48.463000+02:00,,
365,EXCLUDED,58,"{'if': [{'!=': [{'var': 'ctpps_included'}, True]}, True, False]}",1,True,2019-12-02 11:30:54.532000+01:00,,
366,STANDBY,58,"{'if': [{'and': [{'==': [{'var': 'ctpps_included'}, True]}, {'==': [{'var': 'rp_sect_45_ready'}, None]}]}, True, False]}",1,True,2019-12-02 11:46:27.180000+01:00,,
367,GOOD,58,"{'if': [{'and': [{'==': [{'var': 'ctpps_included'}, True]}, {'==': [{'var': 'rp_sect_45_ready'}, True]}]}, True, False]}",1,True,2019-12-02 11:47:26.508000+01:00,,
368,BAD,58,"{'if': [{'==': [{'var': 'rp_sect_45_ready'}, False]}, True, False]}",1,True,2019-12-02 11:47:55+01:00,,
369,EXCLUDED,57,"{'if': [{'!=': [{'var': 'ctpps_included'}, True]}, True, False]}",1,True,2019-12-02 11:50:11.475000+01:00,,
370,STANDBY,57,"{'if': [{'and': [{'==': [{'var': 'ctpps_included'}, True]}, {'==': [{'var': 'rp_sect_45_ready'}, None]}]}, True, False]}",1,True,2019-12-02 11:50:23.929000+01:00,,
371,GOOD,57,"{'if': [{'and': [{'==': [{'var': 'ctpps_included'}, True]}, {'==': [{'var': 'rp_sect_45_ready'}, True]}]}, True, False]}",1,True,2019-12-02 11:50:33.929000+01:00,,
372,BAD,57,"{'if': [{'==': [{'var': 'rp_sect_45_ready'}, False]}, True, False]}",1,True,2019-12-02 11:50:54.030000+01:00,,
373,EXCLUDED,61,"{'if': [{'!=': [{'var': 'ctpps_included'}, True]}, True, False]}",1,True,2019-12-02 11:51:35.661000+01:00,,
374,STANDBY,61,"{'if': [{'and': [{'==': [{'var': 'ctpps_included'}, True]}, {'==': [{'var': 'rp_sect_56_ready'}, None]}]}, True, False]}",1,True,2019-12-02 11:51:48.877000+01:00,,
375,GOOD,61,"{'if': [{'and': [{'==': [{'var': 'ctpps_included'}, True]}, {'==': [{'var': 'rp_sect_56_ready'}, True]}]}, True, False]}",1,True,2019-12-02 11:52:03.620000+01:00,,
376,BAD,61,"{'if': [{'==': [{'var': 'rp_sect_56_ready'}, False]}, True, False]}",1,True,2019-12-02 11:52:16.072000+01:00,,
377,EXCLUDED,60,"{'if': [{'!=': [{'var': 'ctpps_included'}, True]}, True, False]}",1,True,2019-12-02 11:53:57.155000+01:00,,
378,STANDBY,60,"{'if': [{'and': [{'==': [{'var': 'ctpps_included'}, True]}, {'==': [{'var': 'rp_sect_56_ready'}, None]}]}, True, False]}",1,True,2019-12-02 11:54:08.802000+01:00,,
379,GOOD,60,"{'if': [{'and': [{'==': [{'var': 'ctpps_included'}, True]}, {'==': [{'var': 'rp_sect_56_ready'}, True]}]}, True, False]}",1,True,2019-12-02 11:54:22.930000+01:00,,
380,BAD,60,"{'if': [{'==': [{'var': 'rp_sect_56_ready'}, False]}, True, False]}",1,True,2019-12-02 11:54:36.166000+01:00,,
381,GOOD,59,"{'if': [{'and': [{'==': [{'var': 'rp_time_ready'}, True]}, {'==': [{'var': 'ctpps_tot_included'}, True]}]}, True, False]}",1,True,2019-12-02 11:58:09.980000+01:00,,
382,BAD,59,"{'if': [{'==': [{'var': 'rp_time_ready'}, False]}, True, False]}",1,True,2019-12-02 11:58:34.645000+01:00,,
383,EXCLUDED,59,"{'if': [{'!=': [{'var': 'ctpps_tot_included'}, True]}, True, False]}",1,True,2019-12-02 11:59:52.977000+01:00,,
384,STANDBY,59,"{'if': [{'and': [{'==': [{'var': 'rp_time_ready'}, None]}, {'==': [{'var': 'ctpps_tot_included'}, True]}]}, True, False]}",1,True,2019-12-02 12:02:01.154000+01:00,,
385,GOOD,62,"{'if': [{'and': [{'==': [{'var': 'rp_time_ready'}, True]}, {'==': [{'var': 'ctpps_tot_included'}, True]}]}, True, False]}",1,True,2019-12-02 12:02:50.505000+01:00,,
386,BAD,62,"{'if': [{'==': [{'var': 'rp_time_ready'}, False]}, True, False]}",1,True,2019-12-02 12:03:03.564000+01:00,,
387,EXCLUDED,62,"{'if': [{'!=': [{'var': 'ctpps_tot_included'}, True]}, True, False]}",1,True,2019-12-02 12:03:12.782000+01:00,,
388,STANDBY,62,"{'if': [{'and': [{'==': [{'var': 'rp_time_ready'}, None]}, {'==': [{'var': 'ctpps_tot_included'}, True]}]}, True, False]}",1,True,2019-12-02 12:03:25.055000+01:00,,
389,GOOD,33,"{'if': [{'and': [{'==': [{'var': 'rp_time_ready'}, True]}, {'==': [{'var': 'ctpps_tot_included'}, True]}]}, True, False]}",1,True,2019-12-02 12:08:35.884000+01:00,,
390,BAD,33,"{'if': [{'==': [{'var': 'rp_time_ready'}, False]}, True, False]}",1,True,2019-12-02 12:08:47.945000+01:00,,
391,EXCLUDED,33,"{'if': [{'!=': [{'var': 'ctpps_tot_included'}, True]}, True, False]}",1,True,2019-12-02 12:08:57.866000+01:00,,
392,STANDBY,33,"{'if': [{'and': [{'==': [{'var': 'rp_time_ready'}, None]}, {'==': [{'var': 'ctpps_tot_included'}, True]}]}, True, False]}",1,True,2019-12-02 12:09:13.004000+01:00,,
393,GOOD,12,"{'if': [{'and': [{'==': [{'var': 'rp_time_ready'}, True]}, {'==': [{'var': 'ctpps_tot_included'}, True]}]}, True, False]}",1,True,2019-12-02 12:09:33.826000+01:00,,
394,BAD,12,"{'if': [{'==': [{'var': 'rp_time_ready'}, False]}, True, False]}",1,True,2019-12-02 12:09:45.655000+01:00,,
395,EXCLUDED,12,"{'if': [{'!=': [{'var': 'ctpps_tot_included'}, True]}, True, False]}",1,True,2019-12-02 12:09:56.437000+01:00,,
396,STANDBY,12,"{'if': [{'and': [{'==': [{'var': 'rp_time_ready'}, None]}, {'==': [{'var': 'ctpps_tot_included'}, True]}]}, True, False]}",1,True,2019-12-02 12:10:08.774000+01:00,,
397,NOTSET,10,"{'if': [{'==': [{'var': 'lumisection.rr.ctpps-rp45_210.status'}, 'NOTSET']}, True, False]}",1,True,2019-12-02 12:44:31.738000+01:00,,
398,GOOD,10,"{'if': [{'==': [{'var': 'lumisection.rr.ctpps-rp45_210.status'}, 'GOOD']}, True, False]}",1,True,2019-12-02 12:44:41.485000+01:00,,
399,BAD,10,"{'if': [{'==': [{'var': 'lumisection.rr.ctpps-rp45_210.status'}, 'BAD']}, True, False]}",1,True,2019-12-02 12:44:49.028000+01:00,,
400,STANDBY,10,"{'if': [{'==': [{'var': 'lumisection.rr.ctpps-rp45_210.status'}, 'STANDBY']}, True, False]}",1,True,2019-12-02 12:45:02.359000+01:00,,
401,EXCLUDED,10,"{'if': [{'==': [{'var': 'lumisection.rr.ctpps-rp45_210.status'}, 'EXCLUDED']}, True, False]}",1,True,2019-12-02 12:45:14.177000+01:00,,
402,GOOD,95,"{'if': [{'==': [{'var': 'lumisection.rr.ctpps-rp45_220.status'}, 'GOOD']}, True, False]}",1,True,2019-12-02 12:45:33.019000+01:00,,
403,BAD,95,"{'if': [{'==': [{'var': 'lumisection.rr.ctpps-rp45_220.status'}, 'BAD']}, True, False]}",1,True,2019-12-02 12:45:45.397000+01:00,,
404,STANDBY,95,"{'if': [{'==': [{'var': 'lumisection.rr.ctpps-rp45_220.status'}, 'STANDBY']}, True, False]}",1,True,2019-12-02 12:45:55.968000+01:00,,
405,EXCLUDED,95,"{'if': [{'==': [{'var': 'lumisection.rr.ctpps-rp45_220.status'}, 'EXCLUDED']}, True, False]}",1,True,2019-12-02 12:46:06.757000+01:00,,
406,NOTSET,95,"{'if': [{'==': [{'var': 'lumisection.rr.ctpps-rp45_220.status'}, 'NOTSET']}, True, False]}",1,True,2019-12-02 12:46:17.263000+01:00,,
407,GOOD,97,"{'if': [{'==': [{'var': 'lumisection.rr.ctpps-rp45_cyl.status'}, 'GOOD']}, True, False]}",1,True,2019-12-02 12:46:37.470000+01:00,,
408,BAD,97,"{'if': [{'==': [{'var': 'lumisection.rr.ctpps-rp45_cyl.status'}, 'BAD']}, True, False]}",1,True,2019-12-02 12:46:49.383000+01:00,,
409,STANDBY,97,"{'if': [{'==': [{'var': 'lumisection.rr.ctpps-rp45_cyl.status'}, 'STANDBY']}, True, False]}",1,True,2019-12-02 12:46:59.575000+01:00,,
410,EXCLUDED,97,"{'if': [{'==': [{'var': 'lumisection.rr.ctpps-rp45_cyl.status'}, 'EXCLUDED']}, True, False]}",1,True,2019-12-02 12:47:09.932000+01:00,,
411,NOTSET,97,"{'if': [{'==': [{'var': 'lumisection.rr.ctpps-rp45_cyl.status'}, 'NOTSET']}, True, False]}",1,True,2019-12-02 12:47:18.032000+01:00,,
412,GOOD,98,"{'if': [{'==': [{'var': 'lumisection.rr.ctpps-rp45_cyl.status'}, 'GOOD']}, True, False]}",1,True,2019-12-02 12:48:08.646000+01:00,,
413,GOOD,98,"{'if': [{'==': [{'var': 'lumisection.rr.ctpps-rp56_210.status'}, 'GOOD']}, True, False]}",1,True,2019-12-02 12:48:08.646000+01:00,,
414,BAD,98,"{'if': [{'==': [{'var': 'lumisection.rr.ctpps-rp56_210.status'}, 'BAD']}, True, False]}",1,True,2019-12-02 12:48:40.614000+01:00,,
415,STANDBY,98,"{'if': [{'==': [{'var': 'lumisection.rr.ctpps-rp56_210.status'}, 'STANDBY']}, True, False]}",1,True,2019-12-02 12:48:48.779000+01:00,,
416,EXCLUDED,98,"{'if': [{'==': [{'var': 'lumisection.rr.ctpps-rp56_210.status'}, 'EXCLUDED']}, True, False]}",1,True,2019-12-02 12:48:56.781000+01:00,,
417,NOTSET,98,"{'if': [{'==': [{'var': 'lumisection.rr.ctpps-rp56_210.status'}, 'NOTSET']}, True, False]}",1,True,2019-12-02 12:50:28.673000+01:00,,
418,GOOD,99,"{'if': [{'==': [{'var': 'lumisection.rr.ctpps-rp56_220.status'}, 'GOOD']}, True, False]}",1,True,2019-12-02 12:50:57.174000+01:00,,
419,BAD,99,"{'if': [{'==': [{'var': 'lumisection.rr.ctpps-rp56_220.status'}, 'GOOD']}, True, False]}",1,True,2019-12-02 12:51:01.250000+01:00,,
420,STANDBY,99,"{'if': [{'==': [{'var': 'lumisection.rr.ctpps-rp56_220.status'}, 'STANDBY']}, True, False]}",1,True,2019-12-02 12:51:15.527000+01:00,,
421,BAD,99,"{'if': [{'==': [{'var': 'lumisection.rr.ctpps-rp56_220.status'}, 'BAD']}, True, False]}",1,True,2019-12-02 12:51:01.250000+01:00,,
422,EXCLUDED,99,"{'if': [{'==': [{'var': 'lumisection.rr.ctpps-rp56_220.status'}, 'EXCLUDED']}, True, False]}",1,True,2019-12-02 12:51:35.409000+01:00,,
423,NOTSET,99,"{'if': [{'==': [{'var': 'lumisection.rr.ctpps-rp56_220.status'}, 'NOTSET']}, True, False]}",1,True,2019-12-02 12:51:44.144000+01:00,,
424,GOOD,100,"{'if': [{'==': [{'var': 'lumisection.rr.ctpps-rp56_cyl.status'}, 'GOOD']}, True, False]}",1,True,2019-12-02 12:52:03.559000+01:00,,
425,BAD,100,"{'if': [{'==': [{'var': 'lumisection.rr.ctpps-rp56_cyl.status'}, 'BAD']}, True, False]}",1,True,2019-12-02 12:52:11.663000+01:00,,
426,STANDBY,100,"{'if': [{'==': [{'var': 'lumisection.rr.ctpps-rp56_cyl.status'}, 'STANDBY']}, True, False]}",1,True,2019-12-02 12:52:21.216000+01:00,,
427,EXCLUDED,100,"{'if': [{'==': [{'var': 'lumisection.rr.ctpps-rp56_cyl.status'}, 'EXCLUDED']}, True, False]}",1,True,2019-12-02 12:52:32.619000+01:00,,
428,NOTSET,100,"{'if': [{'==': [{'var': 'lumisection.rr.ctpps-rp56_cyl.status'}, 'NOTSET']}, True, False]}",1,True,2019-12-02 12:52:43.088000+01:00,,
429,GOOD,35,"{'if': [{'==': [{'var': 'lumisection.rr.ctpps-time56_box.status'}, 'GOOD']}, True, False]}",1,True,2019-12-02 14:22:18.109000+01:00,,
430,BAD,35,"{'if': [{'==': [{'var': 'lumisection.rr.ctpps-time56_box.status'}, 'BAD']}, True, False]}",1,True,2019-12-02 14:22:26.416000+01:00,,
431,STANDBY,35,"{'if': [{'==': [{'var': 'lumisection.rr.ctpps-time56_box.status'}, 'STANDBY']}, True, False]}",1,True,2019-12-02 14:22:34.695000+01:00,,
432,EXCLUDED,35,"{'if': [{'==': [{'var': 'lumisection.rr.ctpps-time56_box.status'}, 'EXCLUDED']}, True, False]}",1,True,2019-12-02 14:22:44.243000+01:00,,
433,NOTSET,35,"{'if': [{'==': [{'var': 'lumisection.rr.ctpps-time56_box.status'}, 'NOTSET']}, True, False]}",1,True,2019-12-02 14:22:52.608000+01:00,,
434,GOOD,34,"{'if': [{'==': [{'var': 'lumisection.rr.ctpps-time45_box.status'}, 'GOOD']}, True, False]}",1,True,2019-12-02 14:23:11.626000+01:00,,
435,BAD,34,"{'if': [{'==': [{'var': 'lumisection.rr.ctpps-time45_box.status'}, 'BAD']}, True, False]}",1,True,2019-12-02 14:23:21.815000+01:00,,
436,STANDBY,34,"{'if': [{'==': [{'var': 'lumisection.rr.ctpps-time45_box.status'}, 'STANDBY']}, True, False]}",1,True,2019-12-02 14:23:30.186000+01:00,,
437,EXCLUDED,34,"{'if': [{'==': [{'var': 'lumisection.rr.ctpps-time45_box.status'}, 'EXCLUDED']}, True, False]}",1,True,2019-12-02 14:23:38.237000+01:00,,
438,NOTSET,34,"{'if': [{'==': [{'var': 'lumisection.rr.ctpps-time45_box.status'}, 'NOTSET']}, True, False]}",1,True,2019-12-02 14:23:46.253000+01:00,,
439,EXCLUDED,228,"{'if': [{'and': [{'==': [{'var': 'gem_included'}, None]}]}, True, False]}",1,True,2020-10-16 15:19:48.747000+02:00,,
440,STANDBY,228,"{'if': [{'and': [{'var': 'gem_included'}, {'==': [{'var': 'gem_ready'}, False]}]}, True, False]}",1,True,2020-10-16 15:21:16.851000+02:00,,
441,GOOD,228,"{'if': [{'and': [{'var': 'gem_included'}, {'==': [{'var': 'gem_ready'}, True]}]}, True, False]}",1,True,2020-10-16 15:21:40.487000+02:00,,
442,EXCLUDED,228,"{'if': [{'==': [{'var': 'gem_included'}, False]}, True, False]}",1,True,2021-11-12 17:03:34.411000+01:00,petr.mandrik@cern.ch,
443,GOOD,228,"{'if': [{'and': [{'==': [{'var': 'gemp_ready'}, True]}, {'==': [{'var': 'gemm_ready'}, True]}]}, True, False]}",1,True,2021-11-12 17:03:45.823000+01:00,petr.mandrik@cern.ch,
444,BAD,228,"{'if': [{'or': [{'==': [{'var': 'gemp_ready'}, False]}, {'==': [{'var': 'gemm_ready'}, False]}]}, True, False]}",1,True,2021-11-12 17:03:58.867000+01:00,petr.mandrik@cern.ch,
445,EXCLUDED,228,"{'if': [{'==': [{'var': 'gem_included'}, False]}, True, False]}",1,True,2021-11-16 10:28:10.354000+01:00,petr.mandrik@cern.ch,
446,EXCLUDED,228,"{'if': [{'==': [{'var': 'gem_included'}, None]}, True, False]}",1,True,2021-11-16 10:28:10.354000+01:00,petr.mandrik@cern.ch,petr.mandrik@cern.ch
447,BAD,228,"{'if': [{'or': [{'==': [{'var': 'gemp_ready'}, False]}, {'==': [{'var': 'gemm_ready'}, False]}]}, True, False]}",1,True,2021-11-16 10:36:42.437000+01:00,petr.mandrik@cern.ch,
448,GOOD,228,"{'if': [{'and': [{'==': [{'var': 'gemp_ready'}, True]}, {'==': [{'var': 'gemm_ready'}, True]}]}, True, False]}",1,True,2021-11-16 10:36:56.749000+01:00,petr.mandrik@cern.ch,
449,EXCLUDED,229,"{'if': [{'==': [{'var': 'gem_included'}, None]}, True, False]}",1,True,2021-11-16 10:47:44.530000+01:00,petr.mandrik@cern.ch,
450,BAD,229,"{'if': [{'or': [{'==': [{'var': 'gemp_ready'}, False]}, {'==': [{'var': 'gemm_ready'}, False]}]}, True, False]}",1,True,2021-11-16 10:47:54.559000+01:00,petr.mandrik@cern.ch,
451,GOOD,229,"{'if': [{'and': [{'==': [{'var': 'gemp_ready'}, True]}, {'==': [{'var': 'gemm_ready'}, True]}]}, True, False]}",1,True,2021-11-16 10:48:08.072000+01:00,petr.mandrik@cern.ch,
452,BAD,229,"{'if': [{'or': [{'==': [{'var': 'gem_ready'}, False]}]}, True, False]}",1,True,2021-11-16 10:47:54.559000+01:00,petr.mandrik@cern.ch,aliya.nigamova@cern.ch
453,GOOD,229,"{'if': [{'and': [{'==': [{'var': 'gem_ready'}, True]}]}, True, False]}",1,True,2021-11-16 10:48:08.072000+01:00,petr.mandrik@cern.ch,aliya.nigamova@cern.ch
454,BAD,229,"{'if': [{'or': [{'==': [{'var': 'gemp_ready'}, False]}, {'==': [{'var': 'gemm_ready'}, False]}]}, True, False]}",1,True,2021-11-16 10:47:54.559000+01:00,petr.mandrik@cern.ch,aliya.nigamova@cern.ch
455,GOOD,229,"{'if': [{'or': [{'==': [{'var': 'gemp_ready'}, True]}, {'==': [{'var': 'gemm_ready'}, True]}]}, True, False]}",1,True,2021-11-16 10:48:08.072000+01:00,petr.mandrik@cern.ch,aliya.nigamova@cern.ch
456,EXCLUDED,229,"{'if': [{'or': [{'==': [{'var': 'gemp_ready'}, None]}, {'==': [{'var': 'gemm_ready'}, None]}]}, True, False]}",1,True,2021-11-16 10:47:44.530000+01:00,petr.mandrik@cern.ch,aliya.nigamova@cern.ch
457,EXCLUDED,229,"{'if': [{'==': [{'var': 'gem_included'}, False]}, True, False]}",1,True,2021-11-16 10:47:44.530000+01:00,petr.mandrik@cern.ch,aliya.nigamova@cern.ch
458,GOOD,229,"{'if': [{'and': [{'==': [{'var': 'gemp_ready'}, True]}, {'==': [{'var': 'gemm_ready'}, True]}]}, True, False]}",1,True,2021-11-16 10:48:08.072000+01:00,petr.mandrik@cern.ch,petr.mandrik@cern.ch
459,EXCLUDED,229,"{'if': [{'==': [{'var': 'gem_included'}, None]}, True, False]}",1,True,2021-11-16 10:47:44.530000+01:00,petr.mandrik@cern.ch,petr.mandrik@cern.ch
460,NOTSET,229,"{'if': [{'==': [{'var': 'gem_included'}, None]}, True, False]}",1,True,2022-06-14 17:53:23.866000+02:00,petr.mandrik@cern.ch,
461,BAD,229,"{'if': [{'or': [{'==': [{'var': 'gemp_ready'}, False]}, {'==': [{'var': 'gemm_ready'}, False]}]}, True, False]}",1,True,2022-06-14 17:54:07.285000+02:00,petr.mandrik@cern.ch,
462,GOOD,229,"{'if': [{'and': [{'==': [{'var': 'gemp_ready'}, True]}, {'==': [{'var': 'gemm_ready'}, True]}]}, True, False]}",1,True,2022-06-14 17:54:16.050000+02:00,petr.mandrik@cern.ch,
463,GOOD,229,"{'if': [{'==': [{'var': 'lumisection.rr.gem-gem.status'}, 'GOOD']}, True, False]}",1,True,2022-06-15 09:34:50.293000+02:00,petr.mandrik@cern.ch,
464,BAD,229,"{'if': [{'==': [{'var': 'lumisection.rr.gem-gem.status'}, 'BAD']}, True, False]}",1,True,2022-06-15 09:34:58.486000+02:00,petr.mandrik@cern.ch,
465,EXCLUDED,229,"{'if': [{'==': [{'var': 'lumisection.rr.gem-gem.status'}, 'EXCLUDED']}, True, False]}",1,True,2022-06-15 09:35:14.546000+02:00,petr.mandrik@cern.ch,
466,EXCLUDED,229,"{'if': [{'==': [{'var': 'gem_included'}, 'false']}, True, False]}",1,True,2022-06-15 09:35:14.546000+02:00,petr.mandrik@cern.ch,aliya.nigamova@cern.ch
467,EXCLUDED,229,"{'if': [{'==': [{'var': 'lumisection.rr.gem-gem.status'}, 'EXCLUDED']}, True, False]}",1,True,2022-06-15 09:35:14.546000+02:00,petr.mandrik@cern.ch,aliya.nigamova@cern.ch
468,GOOD,229,"{'if': [{'and': [{'==': [{'var': 'gemp_ready'}, True]}, {'==': [{'var': 'gemm_ready'}, True]}]}, True, False]}",1,True,2022-06-15 09:34:50.293000+02:00,petr.mandrik@cern.ch,aliya.nigamova@cern.ch
469,BAD,229,"{'if': [{'or': [{'==': [{'var': 'gemp_ready'}, False]}, {'==': [{'var': 'gemm_ready'}, False]}]}, True, False]}",1,True,2022-06-15 09:34:58.486000+02:00,petr.mandrik@cern.ch,aliya.nigamova@cern.ch
470,EXCLUDED,229,"{'if': [{'==': [{'var': 'gem_included'}, None]}, True, False]}",1,True,2022-06-15 09:35:14.546000+02:00,petr.mandrik@cern.ch,aliya.nigamova@cern.ch
471,EXCLUDED,228,"{'if': [{'==': [{'var': 'gem_included'}, False]}, True, False]}",1,True,2021-11-16 10:28:10.354000+01:00,petr.mandrik@cern.ch,aliya.nigamova@cern.ch
472,EXCLUDED,228,"{'if': [{'==': [{'var': 'gem_included'}, None]}, True, False]}",1,True,2021-11-16 10:28:10.354000+01:00,petr.mandrik@cern.ch,aliya.nigamova@cern.ch
473,EXCLUDED,229,"{'if': [{'==': [{'var': 'gem_included'}, False]}, True, False]}",1,True,2022-06-15 09:35:14.546000+02:00,petr.mandrik@cern.ch,aliya.nigamova@cern.ch
474,EXCLUDED,229,"{'if': [{'==': [{'var': 'gem_included'}, None]}, True, False]}",1,True,2022-06-15 09:35:14.546000+02:00,petr.mandrik@cern.ch,aliya.nigamova@cern.ch
475,EXCLUDED,229,"{'if': [{'or': [{'==': [{'var': 'gemp_ready'}, None]}, {'==': [{'var': 'gemm_ready'}, None]}]}, True, False]}",1,True,2022-06-15 09:35:14.546000+02:00,petr.mandrik@cern.ch,aliya.nigamova@cern.ch
476,EXCLUDED,229,"{'if': [{'and': [{'==': [{'var': 'gem_included'}, False]}]}, True, False]}",1,True,2022-06-15 09:35:14.546000+02:00,petr.mandrik@cern.ch,aliya.nigamova@cern.ch
477,EXCLUDED,228,"{'if': [{'==': [{'var': 'gem_included'}, False]}, True, False]}",1,True,2021-11-16 10:28:10.354000+01:00,petr.mandrik@cern.ch,aliya.nigamova@cern.ch
478,EXCLUDED,229,"{'if': [{'==': [{'var': 'gem_included'}, False]}, True, False]}",1,True,2022-06-15 09:35:14.546000+02:00,petr.mandrik@cern.ch,aliya.nigamova@cern.ch
479,EXCLUDED,229,"{'if': [{'==': [{'var': 'gem_included'}, None]}, True, False]}",1,True,2022-06-15 09:35:14.546000+02:00,petr.mandrik@cern.ch,aliya.nigamova@cern.ch
480,EXCLUDED,228,"{'if': [{'==': [{'var': 'gem_included'}, None]}, True, False]}",1,True,2021-11-16 10:28:10.354000+01:00,petr.mandrik@cern.ch,aliya.nigamova@cern.ch
481,EXCLUDED,229,"{'if': [{'==': [{'var': 'lumisection.rr.gem-gem.status'}, 'EXCLUDED']}, True, False]}",1,True,2022-07-11 20:34:48.972000+02:00,petr.mandrik@cern.ch,
482,STANDBY,229,"{'if': [{'==': [{'var': 'lumisection.rr.gem-gem.status'}, 'STANDBY']}, True, False]}",1,True,2022-07-11 20:35:19.315000+02:00,petr.mandrik@cern.ch,
483,BAD,229,"{'if': [{'==': [{'var': 'lumisection.rr.gem-gem.status'}, 'BAD']}, True, False]}",1,True,2022-07-11 20:35:36.439000+02:00,petr.mandrik@cern.ch,
484,GOOD,229,"{'if': [{'==': [{'var': 'lumisection.rr.gem-gem.status'}, 'GOOD']}, True, False]}",1,True,2022-07-11 20:35:47.654000+02:00,petr.mandrik@cern.ch,
485,EXCLUDED,228,"{'if': [{'or': [{'==': [{'var': 'gem_included'}, None]}, {'==': [{'var': 'gem_included'}, False]}]}, True, False]}",1,True,2021-11-16 10:28:10.354000+01:00,petr.mandrik@cern.ch,petr.mandrik@cern.ch
486,EXCLUDED,228,"{'if': [{'and': [{'==': [{'var': 'gem_included'}, None]}]}, True, False]}",1,True,2021-11-16 10:28:10.354000+01:00,petr.mandrik@cern.ch,petr.mandrik@cern.ch
487,GOOD,228,"{'if': [{'and': [{'var': 'ecal_included'}, {'==': [{'var': 'gemp_ready'}, True]}, {'==': [{'var': 'gemm_ready'}, True]}]}, True, False]}",1,True,2021-11-16 10:36:56.749000+01:00,petr.mandrik@cern.ch,petr.mandrik@cern.ch
488,GOOD,228,"{'if': [{'and': [{'var': 'gem_included'}, {'==': [{'var': 'gemp_ready'}, True]}, {'==': [{'var': 'gemm_ready'}, True]}]}, True, False]}",1,True,2021-11-16 10:36:56.749000+01:00,petr.mandrik@cern.ch,petr.mandrik@cern.ch
489,BAD,228,"{'if': [{'and': [{'var': 'gem_included'}, {'or': [{'==': [{'var': 'gemp_ready'}, False]}, {'==': [{'var': 'gemm_ready'}, False]}]}]}, True, False]}",1,True,2021-11-16 10:36:42.437000+01:00,petr.mandrik@cern.ch,petr.mandrik@cern.ch
491,NOTSET,167,"{'if': [True, True, False]}",1,True,2022-10-24 11:33:28.081000+02:00,Shin-Shan.Yu@cern.ch,
492,NOTSET,136,"{'if': [{'==': [{'var': 'lumisection.rr.l1t-l1tcalo.status'}, 'NOTSET']}, True, False]}",1,True,2019-04-17 17:34:20.450000+02:00,,Shin-Shan.Yu@cern.ch
493,NOTSET,145,"{'if': [True, True, False]}",1,True,2022-10-24 17:26:18.751000+02:00,Shin-Shan.Yu@cern.ch,
494,EXCLUDED,104,"{'if': [{'==': [{'var': 'run.oms.es_included'}, False]}, True, False]}",1,True,2019-04-18 14:19:34.507000+02:00,,Shin-Shan.Yu@cern.ch
495,EXCLUDED,104,"{'if': [{'==': [{'var': 'run.oms.es_included'}, None]}, True, False]}",1,True,2019-04-18 14:19:34.507000+02:00,,Shin-Shan.Yu@cern.ch
496,EXCLUDED,102,"{'if': [{'==': [{'var': 'run.oms.ecal_included'}, None]}, True, False]}",1,True,2019-04-18 14:05:44.427000+02:00,,Shin-Shan.Yu@cern.ch
497,EXCLUDED,101,"{'if': [{'==': [{'var': 'run.oms.ecal_included'}, None]}, True, False]}",1,True,2019-04-18 13:54:38.822000+02:00,,Shin-Shan.Yu@cern.ch
498,STANDBY,101,"{'if': [{'and': [{'==': [{'var': 'run.oms.ecal_included'}, True]}, {'==': [{'var': 'lumisection.oms.ebp_ready'}, False]}]}, True, False]}",1,True,2019-04-18 13:53:52.536000+02:00,,Shin-Shan.Yu@cern.ch
499,GOOD,101,"{'if': [{'and': [{'==': [{'var': 'run.oms.ecal_included'}, True]}, {'==': [{'var': 'lumisection.oms.ebp_ready'}, True]}]}, True, False]}",1,True,2019-04-18 13:54:57.699000+02:00,,Shin-Shan.Yu@cern.ch
500,EXCLUDED,4,"{'if': [{'==': [{'var': 'run.oms.ecal_included'}, None]}, True, False]}",1,True,2019-04-18 13:50:47.620000+02:00,,Shin-Shan.Yu@cern.ch
501,EXCLUDED,6,"{'if': [{'==': [{'var': 'run.oms.es_included'}, None]}, True, False]}",1,True,2019-04-18 14:15:17.611000+02:00,,Shin-Shan.Yu@cern.ch
502,GOOD,6,"{'if': [{'and': [{'==': [{'var': 'run.oms.es_included'}, True]}, {'==': [{'var': 'lumisection.oms.esm_ready'}, True]}]}, True, False]}",1,True,2019-04-18 14:17:59.108000+02:00,,Shin-Shan.Yu@cern.ch
503,STANDBY,6,"{'if': [{'and': [{'==': [{'var': 'run.oms.es_included'}, True]}, {'==': [{'var': 'lumisection.oms.esm_ready'}, False]}]}, True, False]}",1,True,2019-04-18 14:17:43.405000+02:00,,Shin-Shan.Yu@cern.ch
504,EXCLUDED,5,"{'if': [{'==': [{'var': 'run.oms.ecal_included'}, None]}, True, False]}",1,True,2019-04-18 14:10:02.160000+02:00,,Shin-Shan.Yu@cern.ch
505,NOTSET,136,"{'if': [True, True, False]}",1,True,2019-04-17 17:34:20.450000+02:00,,Shin-Shan.Yu@cern.ch
506,NOTSET,137,"{'if': [True, True, False]}",1,True,2019-04-17 17:37:12.494000+02:00,,Shin-Shan.Yu@cern.ch
507,EXCLUDED,228,"{'if': [{'==': [{'var': 'gem_included'}, None]}, True, False]}",1,True,2021-11-16 10:28:10.354000+01:00,petr.mandrik@cern.ch,Shin-Shan.Yu@cern.ch
508,GOOD,228,"{'if': [{'and': [{'==': [{'var': 'gem_included'}, True]}, {'==': [{'var': 'gemp_ready'}, True]}, {'==': [{'var': 'gemm_ready'}, True]}]}, True, False]}",1,True,2021-11-16 10:36:56.749000+01:00,petr.mandrik@cern.ch,Shin-Shan.Yu@cern.ch
509,BAD,228,"{'if': [{'and': [{'==': [{'var': 'gem_included'}, True]}, {'or': [{'==': [{'var': 'gemp_ready'}, False]}, {'==': [{'var': 'gemm_ready'}, False]}]}]}, True, False]}",1,True,2021-11-16 10:36:42.437000+01:00,petr.mandrik@cern.ch,Shin-Shan.Yu@cern.ch
510,STANDBY,8,"{'if': [{'and': [{'==': [{'var': 'castor_included'}, True]}, {'==': [{'var': 'castor_ready'}, False]}]}, True, False]}",2,True,2018-08-07 13:01:48.463000+02:00,,Shin-Shan.Yu@cern.ch
511,EXCLUDED,8,"{'if': [{'==': [{'var': 'castor_included'}, None]}, True, False]}",1,True,2018-08-07 13:01:48.463000+02:00,,Shin-Shan.Yu@cern.ch
512,GOOD,8,"{'if': [{'and': [{'==': [{'var': 'castor_included'}, True]}, {'==': [{'var': 'castor_ready'}, True]}]}, True, False]}",3,True,2018-08-07 13:01:48.463000+02:00,,Shin-Shan.Yu@cern.ch
513,GOOD,9,"{'if': [{'and': [{'==': [{'var': 'beam1_present'}, True]}, {'==': [{'var': 'beam1_present'}, True]}, {'==': [{'var': 'beam2_stable'}, True]}, {'==': [{'var': 'beam2_stable'}, True]}]}, True, False]}",1,True,2018-08-07 13:01:48.463000+02:00,,Shin-Shan.Yu@cern.ch
514,BAD,9,"{'if': [{'or': [{'==': [{'var': 'beam1_present'}, False]}, {'==': [{'var': 'beam2_present'}, False]}, {'==': [{'var': 'beam1_stable'}, False]}, {'==': [{'var': 'beam2_stable'}, False]}]}, True, False]}",2,True,2018-08-07 13:01:48.463000+02:00,,Shin-Shan.Yu@cern.ch
515,BAD,9,"{'if': [{'or': [{'==': [{'var': 'beam1_present'}, False]}, {'==': [{'var': 'beam2_present'}, False]}, {'==': [{'var': 'beam1_stable'}, False]}, {'==': [{'var': 'beam2_stable'}, False]}]}, True, False]}",2,True,2018-08-07 13:01:48.463000+02:00,,Shin-Shan.Yu@cern.ch
516,GOOD,9,"{'if': [{'and': [{'==': [{'var': 'beam1_present'}, True]}, {'==': [{'var': 'beam2_present'}, True]}, {'==': [{'var': 'beam1_stable'}, True]}, {'==': [{'var': 'beam2_stable'}, True]}]}, True, False]}",1,True,2018-08-07 13:01:48.463000+02:00,,Shin-Shan.Yu@cern.ch
517,EXCLUDED,13,"{'if': [{'==': [{'var': 'csc_included'}, None]}, True, False]}",1,True,2018-08-07 13:01:48.463000+02:00,,Shin-Shan.Yu@cern.ch
518,STANDBY,13,"{'if': [{'and': [{'==': [{'var': 'csc_included'}, True]}, {'==': [{'var': 'cscp_ready'}, False]}, {'==': [{'var': 'cscm_ready'}, False]}]}, True, False]}",2,True,2018-08-07 13:01:48.463000+02:00,,Shin-Shan.Yu@cern.ch
519,GOOD,13,"{'if': [{'and': [{'==': [{'var': 'csc_included'}, True]}, {'or': [{'==': [{'var': 'cscp_ready'}, True]}, {'==': [{'var': 'cscm_ready'}, True]}]}]}, True, False]}",3,True,2018-08-07 13:01:48.463000+02:00,,Shin-Shan.Yu@cern.ch
520,GOOD,13,"{'if': [{'and': [{'==': [{'var': 'csc_included'}, True]}, {'or': [{'==': [{'var': 'cscp_ready'}, True]}, {'==': [{'var': 'cscm_ready'}, True]}]}]}, True, False]}",3,True,2018-08-07 13:01:48.463000+02:00,,Shin-Shan.Yu@cern.ch
521,EXCLUDED,15,"{'if': [{'==': [{'var': 'dt_included'}, None]}, True, False]}",1,True,2018-08-07 13:01:48.463000+02:00,,Shin-Shan.Yu@cern.ch
522,STANDBY,15,"{'if': [{'and': [{'==': [{'var': 'dt_included'}, True]}, {'==': [{'var': 'dt0_ready'}, False]}, {'==': [{'var': 'dtp_ready'}, False]}, {'==': [{'var': 'dtm_ready'}, False]}]}, True, False]}",2,True,2018-08-07 13:01:48.463000+02:00,,Shin-Shan.Yu@cern.ch
523,GOOD,15,"{'if': [{'and': [{'==': [{'var': 'dt_included'}, True]}, {'or': [{'==': [{'var': 'dt0_ready'}, True]}, {'==': [{'var': 'dtp_ready'}, True]}, {'==': [{'var': 'dtm_ready'}, True]}]}]}, True, False]}",3,True,2018-08-07 13:01:48.463000+02:00,,Shin-Shan.Yu@cern.ch
524,EXCLUDED,29,"{'if': [{'==': [{'var': 'es_included'}, None]}, True, False]}",1,True,2018-08-07 13:01:48.463000+02:00,,Shin-Shan.Yu@cern.ch
525,EXCLUDED,16,"{'if': [{'==': [{'var': 'ecal_included'}, None]}, True, False]}",1,True,2018-08-07 13:01:48.463000+02:00,,Shin-Shan.Yu@cern.ch
526,STANDBY,228,"{'if': [{'and': [{'==': [{'var': 'gem_included'}, True]}, {'==': [{'var': 'gemp_ready'}, False]}, {'==': [{'var': 'gemm_ready'}, False]}]}, True, False]}",1,True,2022-11-01 15:26:01.314000+01:00,Shin-Shan.Yu@cern.ch,
527,GOOD,228,"{'if': [{'and': [{'==': [{'var': 'gem_included'}, True]}, {'or': [{'==': [{'var': 'gemp_ready'}, True]}, {'==': [{'var': 'gemm_ready'}, True]}]}]}, True, False]}",1,True,2021-11-16 10:36:56.749000+01:00,petr.mandrik@cern.ch,Shin-Shan.Yu@cern.ch
528,EXCLUDED,18,"{'if': [{'==': [{'var': 'hcal_included'}, None]}, True, False]}",1,True,2018-08-07 13:01:48.463000+02:00,,Shin-Shan.Yu@cern.ch
529,EXCLUDED,28,"{'if': [{'==': [{'var': 'tracker_included'}, None]}, True, False]}",1,True,2018-08-07 13:01:48.463000+02:00,,Shin-Shan.Yu@cern.ch
530,EXCLUDED,27,"{'if': [{'==': [{'var': 'pixel_included'}, None]}, True, False]}",1,True,2018-08-07 13:01:48.463000+02:00,,Shin-Shan.Yu@cern.ch
531,EXCLUDED,61,"{'if': [{'==': [{'var': 'ctpps_included'}, None]}, True, False]}",1,True,2019-12-02 11:51:35.661000+01:00,,Shin-Shan.Yu@cern.ch
532,STANDBY,61,"{'if': [{'and': [{'==': [{'var': 'ctpps_included'}, True]}, {'==': [{'var': 'rp_sect_56_ready'}, False]}]}, True, False]}",1,True,2019-12-02 11:51:48.877000+01:00,,Shin-Shan.Yu@cern.ch
533,EXCLUDED,33,"{'if': [{'==': [{'var': 'ctpps_tot_included'}, None]}, True, False]}",1,True,2019-12-02 12:08:57.866000+01:00,,Shin-Shan.Yu@cern.ch
534,STANDBY,33,"{'if': [{'and': [{'==': [{'var': 'rp_time_ready'}, False]}, {'==': [{'var': 'ctpps_tot_included'}, True]}]}, True, False]}",1,True,2019-12-02 12:09:13.004000+01:00,,Shin-Shan.Yu@cern.ch
535,EXCLUDED,14,"{'if': [{'==': [{'var': 'ctpps_included'}, None]}, True, False]}",1,True,2018-08-07 13:01:48.463000+02:00,,Shin-Shan.Yu@cern.ch
536,STANDBY,14,"{'if': [{'and': [{'==': [{'var': 'ctpps_included'}, True]}, {'or': [{'==': [{'var': 'rp_sect_45_ready'}, False]}, {'==': [{'var': 'rp_sect_56_ready'}, False]}]}]}, True, False]}",2,True,2018-08-07 13:01:48.463000+02:00,,Shin-Shan.Yu@cern.ch
537,EXCLUDED,60,"{'if': [{'==': [{'var': 'ctpps_included'}, None]}, True, False]}",1,True,2019-12-02 11:53:57.155000+01:00,,Shin-Shan.Yu@cern.ch
538,STANDBY,60,"{'if': [{'and': [{'==': [{'var': 'ctpps_included'}, True]}, {'==': [{'var': 'rp_sect_56_ready'}, False]}]}, True, False]}",1,True,2019-12-02 11:54:08.802000+01:00,,Shin-Shan.Yu@cern.ch
539,STANDBY,33,"{'if': [{'and': [{'==': [{'var': 'ctpps_tot_included'}, True]}, {'==': [{'var': 'rp_time_ready'}, False]}]}, True, False]}",1,True,2019-12-02 12:09:13.004000+01:00,,Shin-Shan.Yu@cern.ch
540,GOOD,33,"{'if': [{'and': [{'==': [{'var': 'ctpps_tot_included'}, True]}, {'==': [{'var': 'rp_time_ready'}, True]}]}, True, False]}",1,True,2019-12-02 12:08:35.884000+01:00,,Shin-Shan.Yu@cern.ch
541,EXCLUDED,59,"{'if': [{'==': [{'var': 'ctpps_tot_included'}, None]}, True, False]}",1,True,2019-12-02 11:59:52.977000+01:00,,Shin-Shan.Yu@cern.ch
542,STANDBY,59,"{'if': [{'and': [{'==': [{'var': 'ctpps_tot_included'}, True]}, {'==': [{'var': 'rp_time_ready'}, False]}]}, True, False]}",1,True,2019-12-02 12:02:01.154000+01:00,,Shin-Shan.Yu@cern.ch
543,GOOD,59,"{'if': [{'and': [{'==': [{'var': 'ctpps_tot_included'}, True]}, {'==': [{'var': 'rp_time_ready'}, True]}]}, True, False]}",1,True,2019-12-02 11:58:09.980000+01:00,,Shin-Shan.Yu@cern.ch
544,EXCLUDED,58,"{'if': [{'==': [{'var': 'ctpps_included'}, None]}, True, False]}",1,True,2019-12-02 11:30:54.532000+01:00,,Shin-Shan.Yu@cern.ch
545,STANDBY,58,"{'if': [{'and': [{'==': [{'var': 'ctpps_included'}, True]}, {'==': [{'var': 'rp_sect_45_ready'}, False]}]}, True, False]}",1,True,2019-12-02 11:46:27.180000+01:00,,Shin-Shan.Yu@cern.ch
546,EXCLUDED,57,"{'if': [{'==': [{'var': 'ctpps_included'}, None]}, True, False]}",1,True,2019-12-02 11:50:11.475000+01:00,,Shin-Shan.Yu@cern.ch
547,STANDBY,57,"{'if': [{'and': [{'==': [{'var': 'ctpps_included'}, True]}, {'==': [{'var': 'rp_sect_45_ready'}, False]}]}, True, False]}",1,True,2019-12-02 11:50:23.929000+01:00,,Shin-Shan.Yu@cern.ch
548,EXCLUDED,62,"{'if': [{'==': [{'var': 'ctpps_tot_included'}, None]}, True, False]}",1,True,2019-12-02 12:03:12.782000+01:00,,Shin-Shan.Yu@cern.ch
549,STANDBY,62,"{'if': [{'and': [{'==': [{'var': 'ctpps_tot_included'}, True]}, {'==': [{'var': 'rp_time_ready'}, False]}]}, True, False]}",1,True,2019-12-02 12:03:25.055000+01:00,,Shin-Shan.Yu@cern.ch
550,GOOD,62,"{'if': [{'and': [{'==': [{'var': 'ctpps_tot_included'}, True]}, {'==': [{'var': 'rp_time_ready'}, True]}]}, True, False]}",1,True,2019-12-02 12:02:50.505000+01:00,,Shin-Shan.Yu@cern.ch
551,EXCLUDED,12,"{'if': [{'==': [{'var': 'ctpps_tot_included'}, None]}, True, False]}",1,True,2019-12-02 12:09:56.437000+01:00,,Shin-Shan.Yu@cern.ch
552,STANDBY,12,"{'if': [{'and': [{'==': [{'var': 'ctpps_tot_included'}, True]}, {'==': [{'var': 'rp_time_ready'}, False]}]}, True, False]}",1,True,2019-12-02 12:10:08.774000+01:00,,Shin-Shan.Yu@cern.ch
553,GOOD,12,"{'if': [{'and': [{'==': [{'var': 'ctpps_tot_included'}, True]}, {'==': [{'var': 'rp_time_ready'}, True]}]}, True, False]}",1,True,2019-12-02 12:09:33.826000+01:00,,Shin-Shan.Yu@cern.ch
554,STANDBY,14,"{'if': [{'and': [{'==': [{'var': 'ctpps_included'}, True]}, {'==': [{'var': 'rp_sect_45_ready'}, False]}, {'==': [{'var': 'rp_sect_56_ready'}, False]}]}, True, False]}",2,True,2018-08-07 13:01:48.463000+02:00,,Shin-Shan.Yu@cern.ch
555,STANDBY,14,"{'if': [{'and': [{'==': [{'var': 'ctpps_included'}, True]}, {'or': [{'==': [{'var': 'rp_sect_45_ready'}, False]}, {'==': [{'var': 'rp_sect_45_ready'}, None]}]}, {'or': [{'==': [{'var': 'rp_sect_56_ready'}, False]}, {'==': [{'var': 'rp_sect_56_ready'}, None]}]}]}, True, False]}",2,True,2018-08-07 13:01:48.463000+02:00,,Shin-Shan.Yu@cern.ch
556,STANDBY,61,"{'if': [{'and': [{'==': [{'var': 'ctpps_included'}, True]}, {'or': [{'==': [{'var': 'rp_sect_56_ready'}, False]}, {'==': [{'var': 'rp_sect_56_ready'}, None]}]}]}, True, False]}",1,True,2019-12-02 11:51:48.877000+01:00,,Shin-Shan.Yu@cern.ch
557,STANDBY,33,"{'if': [{'and': [{'==': [{'var': 'ctpps_tot_included'}, True]}, {'or': [{'==': [{'var': 'rp_time_ready'}, False]}, {'==': [{'var': 'rp_time_ready'}, None]}]}]}, True, False]}",1,True,2019-12-02 12:09:13.004000+01:00,,Shin-Shan.Yu@cern.ch
558,STANDBY,60,"{'if': [{'and': [{'==': [{'var': 'ctpps_included'}, True]}, {'or': [{'==': [{'var': 'rp_sect_56_ready'}, False]}, {'==': [{'var': 'rp_sect_56_ready'}, None]}]}]}, True, False]}",1,True,2019-12-02 11:54:08.802000+01:00,,Shin-Shan.Yu@cern.ch
559,STANDBY,59,"{'if': [{'and': [{'==': [{'var': 'ctpps_tot_included'}, True]}, {'or': [{'==': [{'var': 'rp_time_ready'}, False]}, {'==': [{'var': 'rp_time_ready'}, None]}]}]}, True, False]}",1,True,2019-12-02 12:02:01.154000+01:00,,Shin-Shan.Yu@cern.ch
560,STANDBY,58,"{'if': [{'and': [{'==': [{'var': 'ctpps_included'}, True]}, {'or': [{'==': [{'var': 'rp_sect_45_ready'}, False]}, {'==': [{'var': 'rp_sect_45_ready'}, None]}]}]}, True, False]}",1,True,2019-12-02 11:46:27.180000+01:00,,Shin-Shan.Yu@cern.ch
561,STANDBY,57,"{'if': [{'and': [{'==': [{'var': 'ctpps_included'}, True]}, {'or': [{'==': [{'var': 'rp_sect_45_ready'}, False]}, {'==': [{'var': 'rp_sect_45_ready'}, None]}]}]}, True, False]}",1,True,2019-12-02 11:50:23.929000+01:00,,Shin-Shan.Yu@cern.ch
562,STANDBY,62,"{'if': [{'and': [{'==': [{'var': 'ctpps_tot_included'}, True]}, {'or': [{'==': [{'var': 'rp_time_ready'}, False]}, {'==': [{'var': 'rp_time_ready'}, None]}]}]}, True, False]}",1,True,2019-12-02 12:03:25.055000+01:00,,Shin-Shan.Yu@cern.ch
563,STANDBY,12,"{'if': [{'and': [{'==': [{'var': 'ctpps_tot_included'}, True]}, {'or': [{'==': [{'var': 'rp_time_ready'}, False]}, {'==': [{'var': 'rp_time_ready'}, None]}]}]}, True, False]}",1,True,2019-12-02 12:10:08.774000+01:00,,Shin-Shan.Yu@cern.ch
